,sampCountry,year,obligaotry_samples,voluntary_samples
0,AT,2011,0.0,282.0
1,AT,2012,0.0,285.0
2,AT,2013,9.0,288.0
3,AT,2014,0.0,293.0
4,AT,2015,0.0,339.0
5,AT,2016,15.0,64.0
6,AT,2017,0.0,1.0
7,AT,2019,32.0,20.0
8,AT,2022,10.0,10.0
9,BA,2018,0.0,1.0
10,BA,2019,0.0,10.0
11,BA,2022,12.0,0.0
12,BE,2011,0.0,33.0
13,BE,2012,0.0,34.0
14,BE,2013,15.0,59.0
15,BE,2014,0.0,90.0
16,BE,2015,0.0,19.0
17,BE,2016,15.0,65.0
18,BE,2019,11.0,11.0
19,BE,2020,0.0,46.0
20,BE,2021,0.0,37.0
21,BE,2022,16.0,16.0
22,BE,2023,0.0,80.0
23,BG,2013,14.0,14.0
24,BG,2016,0.0,15.0
25,CY,2011,0.0,34.0
26,CY,2012,0.0,15.0
27,CY,2013,15.0,15.0
28,CY,2014,0.0,30.0
29,CY,2015,0.0,26.0
30,CY,2016,15.0,26.0
31,CY,2017,0.0,25.0
32,CY,2019,12.0,12.0
33,CY,2020,0.0,1.0
34,CY,2022,12.0,0.0
35,CY,2023,0.0,5.0
36,CZ,2013,16.0,16.0
37,CZ,2014,0.0,7.0
38,CZ,2015,0.0,15.0
39,CZ,2016,15.0,15.0
40,CZ,2017,0.0,43.0
41,CZ,2018,0.0,10.0
42,CZ,2019,14.0,0.0
43,CZ,2020,0.0,12.0
44,CZ,2021,0.0,12.0
45,CZ,2022,14.0,0.0
46,CZ,2023,0.0,35.0
47,DE,2011,0.0,220.0
48,DE,2012,0.0,536.0
49,DE,2013,271.0,316.0
50,DE,2014,0.0,330.0
51,DE,2015,0.0,398.0
52,DE,2016,128.0,238.0
53,DE,2017,0.0,293.0
54,DE,2018,0.0,191.0
55,DE,2019,197.0,246.0
56,DE,2021,0.0,181.0
57,DE,2022,119.0,216.0
58,DE,2023,0.0,182.0
59,DK,2011,0.0,1.0
60,DK,2012,0.0,1.0
61,DK,2013,15.0,15.0
62,DK,2014,0.0,13.0
63,DK,2015,0.0,15.0
64,DK,2016,15.0,15.0
65,DK,2017,0.0,15.0
66,DK,2018,0.0,24.0
67,DK,2019,21.0,21.0
68,DK,2020,0.0,28.0
69,DK,2021,0.0,30.0
70,DK,2022,49.0,49.0
71,DK,2023,0.0,49.0
72,EE,2013,13.0,13.0
73,EE,2016,14.0,14.0
74,EE,2019,13.0,13.0
75,ES,2011,0.0,2.0
76,ES,2012,0.0,2.0
77,ES,2013,44.0,1.0
78,ES,2014,0.0,19.0
79,ES,2015,0.0,21.0
80,ES,2016,61.0,19.0
81,ES,2017,0.0,7.0
82,ES,2018,0.0,2.0
83,ES,2019,67.0,3.0
84,ES,2020,0.0,4.0
85,ES,2021,0.0,3.0
86,ES,2022,52.0,21.0
87,ES,2023,0.0,6.0
88,FI,2013,14.0,0.0
89,FI,2016,20.0,0.0
90,FI,2019,12.0,0.0
91,FI,2022,12.0,0.0
92,FR,2013,66.0,68.0
93,FR,2015,0.0,2.0
94,FR,2016,67.0,67.0
95,FR,2017,0.0,62.0
96,FR,2018,0.0,200.0
97,FR,2019,405.0,405.0
98,FR,2020,0.0,179.0
99,FR,2021,0.0,160.0
100,FR,2022,309.0,309.0
101,FR,2023,0.0,8.0
102,GB,2011,0.0,248.0
103,GB,2012,0.0,249.0
104,GB,2013,266.0,266.0
105,GB,2014,0.0,270.0
106,GB,2015,0.0,260.0
107,GB,2016,0.0,265.0
108,GB,2017,0.0,269.0
109,GB,2018,0.0,279.0
110,GB,2019,297.0,297.0
111,GB,2020,0.0,172.0
112,GR,2011,0.0,10.0
113,GR,2013,15.0,0.0
114,GR,2014,0.0,3.0
115,GR,2016,15.0,15.0
116,GR,2019,5.0,4.0
117,GR,2022,0.0,2.0
118,GR,2023,0.0,23.0
119,HR,2015,0.0,30.0
120,HR,2016,33.0,33.0
121,HR,2019,15.0,15.0
122,HR,2022,14.0,14.0
123,HU,2012,0.0,8.0
124,HU,2013,50.0,5.0
125,HU,2014,0.0,54.0
126,HU,2015,0.0,4.0
127,HU,2016,0.0,22.0
128,HU,2017,0.0,10.0
129,HU,2018,0.0,10.0
130,HU,2019,6.0,16.0
131,HU,2020,0.0,13.0
132,HU,2021,0.0,7.0
133,HU,2023,0.0,20.0
134,IE,2011,0.0,59.0
135,IE,2012,0.0,67.0
136,IE,2013,65.0,65.0
137,IE,2014,0.0,55.0
138,IE,2015,0.0,53.0
139,IE,2016,15.0,84.0
140,IE,2017,0.0,64.0
141,IE,2018,0.0,58.0
142,IE,2019,12.0,62.0
143,IE,2021,0.0,90.0
144,IE,2022,12.0,90.0
145,IE,2023,0.0,84.0
146,IS,2018,0.0,10.0
147,IS,2019,0.0,10.0
148,IT,2011,0.0,5.0
149,IT,2012,0.0,18.0
150,IT,2013,38.0,61.0
151,IT,2014,0.0,102.0
152,IT,2015,0.0,120.0
153,IT,2016,86.0,105.0
154,IT,2017,0.0,194.0
155,IT,2018,0.0,167.0
156,IT,2019,147.0,261.0
157,IT,2020,0.0,174.0
158,IT,2021,0.0,219.0
159,IT,2022,119.0,271.0
160,IT,2023,0.0,341.0
161,LT,2013,15.0,15.0
162,LT,2015,0.0,7.0
163,LT,2016,6.0,0.0
164,LT,2017,0.0,9.0
165,LT,2018,0.0,15.0
166,LT,2019,2.0,0.0
167,LT,2022,0.0,4.0
168,LT,2023,0.0,24.0
169,LU,2013,20.0,0.0
170,LU,2016,30.0,30.0
171,LU,2019,15.0,15.0
172,LU,2022,15.0,15.0
173,LV,2013,11.0,0.0
174,LV,2016,15.0,0.0
175,LV,2019,12.0,0.0
176,LV,2022,12.0,0.0
177,LV,2023,0.0,1.0
178,ME,2023,0.0,56.0
179,MK,2023,0.0,29.0
180,MT,2013,16.0,16.0
181,MT,2016,14.0,14.0
182,MT,2019,12.0,0.0
183,MT,2022,12.0,0.0
184,NL,2013,35.0,35.0
185,NL,2016,29.0,29.0
186,NL,2019,858.0,858.0
187,NL,2020,0.0,808.0
188,NL,2021,0.0,40.0
189,NL,2022,34.0,34.0
190,NO,2013,15.0,0.0
191,NO,2016,15.0,0.0
192,NO,2019,12.0,0.0
193,NO,2022,254.0,242.0
194,NO,2023,0.0,54.0
195,PL,2011,0.0,21.0
196,PL,2012,0.0,11.0
197,PL,2013,30.0,30.0
198,PL,2014,0.0,30.0
199,PL,2016,39.0,39.0
200,PL,2019,55.0,55.0
201,PL,2021,0.0,40.0
202,PL,2022,53.0,55.0
203,PL,2023,0.0,157.0
204,PT,2016,18.0,18.0
205,PT,2019,7.0,0.0
206,PT,2023,0.0,7.0
207,RO,2011,0.0,19.0
208,RO,2012,0.0,23.0
209,RO,2013,32.0,32.0
210,RO,2014,0.0,14.0
211,RO,2015,0.0,22.0
212,RO,2016,27.0,27.0
213,RO,2017,0.0,2.0
214,RO,2019,10.0,7.0
215,RO,2022,13.0,13.0
216,RO,2023,0.0,10.0
217,SE,2013,32.0,0.0
218,SE,2016,30.0,0.0
219,SE,2019,15.0,0.0
220,SE,2020,0.0,5.0
221,SE,2021,0.0,5.0
222,SE,2022,20.0,5.0
223,SE,2023,0.0,29.0
224,SI,2013,10.0,10.0
225,SI,2014,0.0,5.0
226,SI,2015,0.0,15.0
227,SI,2016,15.0,15.0
228,SI,2017,0.0,4.0
229,SI,2018,0.0,10.0
230,SI,2019,12.0,12.0
231,SI,2020,0.0,10.0
232,SI,2021,0.0,10.0
233,SI,2022,12.0,12.0
234,SI,2023,0.0,22.0
235,SK,2013,15.0,5.0
236,SK,2015,0.0,1.0
237,SK,2016,15.0,0.0
238,SK,2019,15.0,0.0
239,SK,2022,12.0,0.0
240,XI,2021,0.0,47.0
241,XI,2022,72.0,72.0
242,XI,2023,0.0,63.0
