,Unnamed: 0,country,year,limit,unique_sample_count,success,obligaotry_samples,voluntary_samples,obligatory_success
0,0.0,AT,2013,12,297.0,True,9,288,False
1,1.0,AT,2016,12,79.0,True,15,64,True
2,2.0,AT,2019,12,32.0,True,32,20,True
3,3.0,AT,2022,15,10.0,False,10,10,False
4,4.0,BE,2013,12,74.0,True,15,59,True
5,5.0,BE,2016,12,65.0,True,15,65,True
6,6.0,BE,2019,12,11.0,False,11,11,False
7,7.0,BE,2022,15,16.0,True,16,16,True
8,8.0,BG,2013,12,14.0,True,14,14,True
9,9.0,BG,2016,12,15.0,True,0,15,False
10,10.0,BG,2019,12,0.0,False,0,0,False
11,11.0,BG,2022,15,0.0,False,0,0,False
12,12.0,HR,2016,12,33.0,True,33,33,True
13,13.0,HR,2019,12,15.0,True,15,15,True
14,14.0,HR,2022,15,14.0,False,14,14,False
15,15.0,CY,2013,12,30.0,True,15,15,True
16,16.0,CY,2016,12,26.0,True,15,26,True
17,17.0,CY,2019,12,12.0,True,12,12,True
18,18.0,CY,2022,12,12.0,True,12,0,True
19,19.0,CZ,2013,12,16.0,True,16,16,True
20,20.0,CZ,2016,12,15.0,True,15,15,True
21,21.0,CZ,2019,12,14.0,True,14,0,True
22,22.0,CZ,2022,15,14.0,False,14,0,False
23,23.0,DK,2013,12,15.0,True,15,15,True
24,24.0,DK,2016,12,15.0,True,15,15,True
25,25.0,DK,2019,12,21.0,True,21,21,True
26,26.0,DK,2022,12,49.0,True,49,49,True
27,27.0,EE,2013,12,13.0,True,13,13,True
28,28.0,EE,2016,12,14.0,True,14,14,True
29,29.0,EE,2019,12,13.0,True,13,13,True
30,30.0,EE,2022,12,0.0,False,0,0,False
31,31.0,FI,2013,12,14.0,True,14,0,True
32,32.0,FI,2016,12,20.0,True,20,0,True
33,33.0,FI,2019,12,12.0,True,12,0,True
34,34.0,FI,2022,12,12.0,True,12,0,True
35,35.0,FR,2013,66,68.0,True,66,68,True
36,36.0,FR,2016,66,67.0,True,67,67,True
37,37.0,FR,2019,71,405.0,True,405,405,True
38,38.0,FR,2022,78,309.0,True,309,309,True
39,39.0,DE,2013,93,587.0,True,271,316,True
40,40.0,DE,2016,93,366.0,True,128,238,True
41,41.0,DE,2019,97,443.0,True,197,246,True
42,42.0,DE,2022,106,335.0,True,119,216,True
43,43.0,GR,2013,12,15.0,True,15,0,True
44,44.0,GR,2016,12,15.0,True,15,15,True
45,45.0,GR,2019,12,9.0,False,5,4,False
46,46.0,GR,2022,15,2.0,False,0,2,False
47,47.0,HU,2013,12,50.0,True,50,5,True
48,48.0,HU,2016,12,22.0,True,0,22,False
49,49.0,HU,2019,12,16.0,True,6,16,False
50,50.0,HU,2022,15,0.0,False,0,0,False
51,51.0,IE,2013,12,65.0,True,65,65,True
52,52.0,IE,2016,12,84.0,True,15,84,True
53,53.0,IE,2019,12,74.0,True,12,62,True
54,54.0,IE,2022,12,90.0,True,12,90,True
55,55.0,IT,2013,65,87.0,True,38,61,False
56,56.0,IT,2016,65,164.0,True,86,105,True
57,57.0,IT,2019,69,310.0,True,147,261,True
58,58.0,IT,2022,75,295.0,True,119,271,True
59,59.0,LV,2013,12,11.0,False,11,0,False
60,60.0,LV,2016,12,15.0,True,15,0,True
61,61.0,LV,2019,12,12.0,True,12,0,True
62,62.0,LV,2022,12,12.0,True,12,0,True
63,63.0,LT,2013,12,15.0,True,15,15,True
64,64.0,LT,2016,12,6.0,False,6,0,False
65,65.0,LT,2019,12,2.0,False,2,0,False
66,66.0,LT,2022,12,4.0,False,0,4,False
67,67.0,LU,2013,12,20.0,True,20,0,True
68,68.0,LU,2016,12,30.0,True,30,30,True
69,69.0,LU,2019,12,15.0,True,15,15,True
70,70.0,LU,2022,12,15.0,True,15,15,True
71,71.0,MT,2013,12,16.0,True,16,16,True
72,72.0,MT,2016,12,14.0,True,14,14,True
73,73.0,MT,2019,12,12.0,True,12,0,True
74,74.0,MT,2022,12,12.0,True,12,0,True
75,75.0,NL,2013,17,35.0,True,35,35,True
76,76.0,NL,2016,17,29.0,True,29,29,True
77,77.0,NL,2019,18,858.0,True,858,858,True
78,78.0,NL,2022,20,34.0,True,34,34,True
79,79.0,PL,2013,45,30.0,False,30,30,False
80,80.0,PL,2016,45,39.0,False,39,39,False
81,81.0,PL,2019,47,55.0,True,55,55,True
82,82.0,PL,2022,51,55.0,True,53,55,True
83,83.0,PT,2013,12,0.0,False,0,0,False
84,84.0,PT,2016,12,18.0,True,18,18,True
85,85.0,PT,2019,12,7.0,False,7,0,False
86,86.0,PT,2022,15,0.0,False,0,0,False
87,87.0,RO,2013,17,32.0,True,32,32,True
88,88.0,RO,2016,17,27.0,True,27,27,True
89,89.0,RO,2019,20,10.0,False,10,7,False
90,90.0,RO,2022,22,13.0,False,13,13,False
91,91.0,SK,2013,12,20.0,True,15,5,True
92,92.0,SK,2016,12,15.0,True,15,0,True
93,93.0,SK,2019,12,15.0,True,15,0,True
94,94.0,SK,2022,12,12.0,True,12,0,True
95,95.0,SI,2013,12,10.0,False,10,10,False
96,96.0,SI,2016,12,15.0,True,15,15,True
97,97.0,SI,2019,12,12.0,True,12,12,True
98,98.0,SI,2022,12,12.0,True,12,12,True
99,99.0,ES,2013,45,44.0,False,44,1,False
100,100.0,ES,2016,45,65.0,True,61,19,True
101,101.0,ES,2019,50,67.0,True,67,3,True
102,102.0,ES,2022,55,61.0,True,52,21,False
103,103.0,SE,2013,12,32.0,True,32,0,True
104,104.0,SE,2016,12,30.0,True,30,0,True
105,105.0,SE,2019,12,15.0,True,15,0,True
106,106.0,SE,2022,15,20.0,True,20,5,True
107,107.0,XI,2022,12,72.0,True,72,72,True
108,108.0,GB,2013,66,266.0,True,266,266,True
109,109.0,GB,2016,66,265.0,True,0,265,False
110,110.0,GB,2019,71,297.0,True,297,297,True
111,111.0,NO,2013,0,15.0,True,15,0,True
112,112.0,NO,2016,0,15.0,True,15,0,True
113,113.0,NO,2019,0,12.0,True,12,0,True
114,114.0,NO,2022,0,254.0,True,254,242,True
115,115.0,IS,2013,0,0.0,True,0,0,True
116,116.0,IS,2016,0,0.0,True,0,0,True
117,117.0,IS,2019,0,10.0,True,0,10,True
118,118.0,IS,2022,0,0.0,True,0,0,True
119,119.0,BA,2013,0,0.0,True,0,0,True
120,120.0,BA,2016,0,0.0,True,0,0,True
121,121.0,BA,2019,0,10.0,True,0,10,True
122,122.0,BA,2022,0,12.0,True,12,0,True
123,123.0,MK,2013,0,0.0,True,0,0,True
124,124.0,MK,2016,0,0.0,True,0,0,True
125,125.0,MK,2019,0,0.0,True,0,0,True
126,126.0,MK,2022,0,0.0,True,0,0,True
127,127.0,MN,2013,0,0.0,True,0,0,True
128,128.0,MN,2016,0,0.0,True,0,0,True
129,129.0,MN,2019,0,0.0,True,0,0,True
130,130.0,MN,2022,0,0.0,True,0,0,True
131,,AT,2010,12,17.0,True,17,0,True
132,,BE,2010,12,15.0,True,15,0,True
133,,BG,2010,12,0.0,False,0,0,False
134,,CY,2010,12,5.0,False,5,0,False
135,,CZ,2010,12,0.0,False,0,0,False
136,,DK,2010,12,15.0,True,15,0,True
137,,EE,2010,12,15.0,True,15,0,True
138,,FI,2010,12,16.0,True,16,0,True
139,,FR,2010,66,0.0,False,0,0,False
140,,DE,2010,93,94.0,True,94,0,True
141,,GR,2010,12,0.0,False,0,0,False
142,,HU,2010,12,0.0,False,0,0,False
143,,IS,2010,0,0.0,True,0,0,True
144,,IE,2010,12,68.0,True,68,0,True
145,,IT,2010,65,0.0,False,0,0,False
146,,LV,2010,12,8.0,False,8,0,False
147,,LT,2010,12,10.0,False,10,0,False
148,,LU,2010,12,18.0,True,18,0,True
149,,MT,2010,12,0.0,False,0,0,False
150,,NL,2010,17,22.0,True,22,0,True
151,,NO,2010,0,15.0,True,15,0,True
152,,PL,2010,45,1.0,False,1,0,False
153,,PT,2010,12,0.0,False,0,0,False
154,,RO,2010,17,38.0,True,38,0,True
155,,SK,2010,12,15.0,True,15,0,True
156,,SI,2010,12,1.0,False,1,0,False
157,,ES,2010,45,16.0,False,16,0,False
158,,SE,2010,12,30.0,True,30,0,True
159,,GB,2010,66,235.0,True,235,0,True
